n,k,rate,ell,nu,binary_rows,target_rank,instance,source,rank_matrix,rank_augmented,matrix_deficiency,K_rank_gain,K_gain_deficiency,deficiency
20,10,0.5,1,37,370,400,0,pkp_derived,370,400,0,30,0,0
20,10,0.5,1,37,370,400,1,pkp_derived,370,400,0,30,0,0
20,10,0.5,1,37,370,400,2,pkp_derived,370,400,0,30,0,0
20,10,0.5,1,37,370,400,3,pkp_derived,370,400,0,30,0,0
20,10,0.5,1,37,370,400,4,pkp_derived,370,400,0,30,0,0
20,10,0.5,1,37,370,400,5,pkp_derived,370,400,0,30,0,0
20,10,0.5,1,37,370,400,6,pkp_derived,370,400,0,30,0,0
20,10,0.5,1,37,370,400,7,pkp_derived,370,400,0,30,0,0
20,10,0.5,1,37,370,400,8,pkp_derived,370,400,0,30,0,0
20,10,0.5,1,37,370,400,9,pkp_derived,370,400,0,30,0,0
20,10,0.5,1,37,370,400,10,pkp_derived,370,400,0,30,0,0
20,10,0.5,1,37,370,400,11,pkp_derived,370,400,0,30,0,0
20,10,0.5,1,37,370,400,12,pkp_derived,370,400,0,30,0,0
20,10,0.5,1,37,370,400,13,pkp_derived,370,400,0,30,0,0
20,10,0.5,1,37,370,400,14,pkp_derived,370,400,0,30,0,0
20,10,0.5,1,37,370,400,15,pkp_derived,370,400,0,30,0,0
20,10,0.5,1,37,370,400,16,pkp_derived,370,400,0,30,0,0
20,10,0.5,1,37,370,400,17,pkp_derived,370,400,0,30,0,0
20,10,0.5,1,37,370,400,18,pkp_derived,370,400,0,30,0,0
20,10,0.5,1,37,370,400,19,pkp_derived,370,400,0,30,0,0
20,10,0.5,1,37,370,400,20,pkp_derived,370,400,0,30,0,0
20,10,0.5,1,37,370,400,21,pkp_derived,370,400,0,30,0,0
20,10,0.5,1,37,370,400,22,pkp_derived,370,400,0,30,0,0
20,10,0.5,1,37,370,400,23,pkp_derived,370,400,0,30,0,0
20,10,0.5,1,37,370,400,24,pkp_derived,370,400,0,30,0,0
20,10,0.5,1,37,370,400,25,pkp_derived,370,400,0,30,0,0
20,10,0.5,1,37,370,400,26,pkp_derived,370,400,0,30,0,0
20,10,0.5,1,37,370,400,27,pkp_derived,370,400,0,30,0,0
20,10,0.5,1,37,370,400,28,pkp_derived,370,400,0,30,0,0
20,10,0.5,1,37,370,400,29,pkp_derived,370,400,0,30,0,0
20,10,0.5,1,37,370,400,30,pkp_derived,370,400,0,30,0,0
20,10,0.5,1,37,370,400,31,pkp_derived,370,400,0,30,0,0
20,10,0.5,1,37,370,400,32,pkp_derived,370,400,0,30,0,0
20,10,0.5,1,37,370,400,33,pkp_derived,370,400,0,30,0,0
20,10,0.5,1,37,370,400,34,pkp_derived,370,400,0,30,0,0
20,10,0.5,1,37,370,400,35,pkp_derived,370,400,0,30,0,0
20,10,0.5,1,37,370,400,36,pkp_derived,370,400,0,30,0,0
20,10,0.5,1,37,370,400,37,pkp_derived,370,400,0,30,0,0
20,10,0.5,1,37,370,400,38,pkp_derived,370,400,0,30,0,0
20,10,0.5,1,37,370,400,39,pkp_derived,370,400,0,30,0,0
20,10,0.5,1,37,370,400,40,pkp_derived,370,400,0,30,0,0
20,10,0.5,1,37,370,400,41,pkp_derived,370,400,0,30,0,0
20,10,0.5,1,37,370,400,42,pkp_derived,370,400,0,30,0,0
20,10,0.5,1,37,370,400,43,pkp_derived,370,400,0,30,0,0
20,10,0.5,1,37,370,400,44,pkp_derived,370,400,0,30,0,0
20,10,0.5,1,37,370,400,45,pkp_derived,370,400,0,30,0,0
20,10,0.5,1,37,370,400,46,pkp_derived,370,400,0,30,0,0
20,10,0.5,1,37,370,400,47,pkp_derived,370,400,0,30,0,0
20,10,0.5,1,37,370,400,48,pkp_derived,370,400,0,30,0,0
20,10,0.5,1,37,370,400,49,pkp_derived,370,400,0,30,0,0
20,10,0.5,1,37,370,400,50,pkp_derived,370,400,0,30,0,0
20,10,0.5,1,37,370,400,51,pkp_derived,370,400,0,30,0,0
20,10,0.5,1,37,370,400,52,pkp_derived,370,400,0,30,0,0
20,10,0.5,1,37,370,400,53,pkp_derived,370,400,0,30,0,0
20,10,0.5,1,37,370,400,54,pkp_derived,370,400,0,30,0,0
20,10,0.5,1,37,370,400,55,pkp_derived,370,400,0,30,0,0
20,10,0.5,1,37,370,400,56,pkp_derived,370,400,0,30,0,0
20,10,0.5,1,37,370,400,57,pkp_derived,370,400,0,30,0,0
20,10,0.5,1,37,370,400,58,pkp_derived,370,400,0,30,0,0
20,10,0.5,1,37,370,400,59,pkp_derived,370,400,0,30,0,0
20,10,0.5,1,37,370,400,60,pkp_derived,370,400,0,30,0,0
20,10,0.5,1,37,370,400,61,pkp_derived,370,400,0,30,0,0
20,10,0.5,1,37,370,400,62,pkp_derived,370,400,0,30,0,0
20,10,0.5,1,37,370,400,63,pkp_derived,370,400,0,30,0,0
20,10,0.5,1,37,370,400,64,pkp_derived,370,400,0,30,0,0
20,10,0.5,1,37,370,400,65,pkp_derived,370,400,0,30,0,0
20,10,0.5,1,37,370,400,66,pkp_derived,370,400,0,30,0,0
20,10,0.5,1,37,370,400,67,pkp_derived,370,400,0,30,0,0
20,10,0.5,1,37,370,400,68,pkp_derived,370,400,0,30,0,0
20,10,0.5,1,37,370,400,69,pkp_derived,370,400,0,30,0,0
20,10,0.5,1,37,370,400,70,pkp_derived,370,400,0,30,0,0
20,10,0.5,1,37,370,400,71,pkp_derived,370,400,0,30,0,0
20,10,0.5,1,37,370,400,72,pkp_derived,370,400,0,30,0,0
20,10,0.5,1,37,370,400,73,pkp_derived,370,400,0,30,0,0
20,10,0.5,1,37,370,400,74,pkp_derived,370,400,0,30,0,0
20,10,0.5,1,37,370,400,75,pkp_derived,370,400,0,30,0,0
20,10,0.5,1,37,370,400,76,pkp_derived,370,400,0,30,0,0
20,10,0.5,1,37,370,400,77,pkp_derived,370,400,0,30,0,0
20,10,0.5,1,37,370,400,78,pkp_derived,370,400,0,30,0,0
20,10,0.5,1,37,370,400,79,pkp_derived,370,400,0,30,0,0
20,10,0.5,1,37,370,400,80,pkp_derived,370,400,0,30,0,0
20,10,0.5,1,37,370,400,81,pkp_derived,370,400,0,30,0,0
20,10,0.5,1,37,370,400,82,pkp_derived,370,400,0,30,0,0
20,10,0.5,1,37,370,400,83,pkp_derived,370,400,0,30,0,0
20,10,0.5,1,37,370,400,84,pkp_derived,370,400,0,30,0,0
20,10,0.5,1,37,370,400,85,pkp_derived,370,400,0,30,0,0
20,10,0.5,1,37,370,400,86,pkp_derived,370,400,0,30,0,0
20,10,0.5,1,37,370,400,87,pkp_derived,370,400,0,30,0,0
20,10,0.5,1,37,370,400,88,pkp_derived,370,400,0,30,0,0
20,10,0.5,1,37,370,400,89,pkp_derived,370,400,0,30,0,0
20,10,0.5,1,37,370,400,90,pkp_derived,370,400,0,30,0,0
20,10,0.5,1,37,370,400,91,pkp_derived,370,400,0,30,0,0
20,10,0.5,1,37,370,400,92,pkp_derived,370,400,0,30,0,0
20,10,0.5,1,37,370,400,93,pkp_derived,370,400,0,30,0,0
20,10,0.5,1,37,370,400,94,pkp_derived,370,400,0,30,0,0
20,10,0.5,1,37,370,400,95,pkp_derived,370,400,0,30,0,0
20,10,0.5,1,37,370,400,96,pkp_derived,370,400,0,30,0,0
20,10,0.5,1,37,370,400,97,pkp_derived,370,400,0,30,0,0
20,10,0.5,1,37,370,400,98,pkp_derived,370,400,0,30,0,0
20,10,0.5,1,37,370,400,99,pkp_derived,370,400,0,30,0,0
24,12,0.5,1,45,540,576,0,pkp_derived,540,576,0,36,0,0
24,12,0.5,1,45,540,576,1,pkp_derived,540,576,0,36,0,0
24,12,0.5,1,45,540,576,2,pkp_derived,540,576,0,36,0,0
24,12,0.5,1,45,540,576,3,pkp_derived,540,576,0,36,0,0
24,12,0.5,1,45,540,576,4,pkp_derived,540,576,0,36,0,0
24,12,0.5,1,45,540,576,5,pkp_derived,540,576,0,36,0,0
24,12,0.5,1,45,540,576,6,pkp_derived,540,576,0,36,0,0
24,12,0.5,1,45,540,576,7,pkp_derived,540,576,0,36,0,0
24,12,0.5,1,45,540,576,8,pkp_derived,540,576,0,36,0,0
24,12,0.5,1,45,540,576,9,pkp_derived,540,576,0,36,0,0
24,12,0.5,1,45,540,576,10,pkp_derived,540,576,0,36,0,0
24,12,0.5,1,45,540,576,11,pkp_derived,540,576,0,36,0,0
24,12,0.5,1,45,540,576,12,pkp_derived,540,576,0,36,0,0
24,12,0.5,1,45,540,576,13,pkp_derived,540,576,0,36,0,0
24,12,0.5,1,45,540,576,14,pkp_derived,540,576,0,36,0,0
24,12,0.5,1,45,540,576,15,pkp_derived,540,576,0,36,0,0
24,12,0.5,1,45,540,576,16,pkp_derived,540,576,0,36,0,0
24,12,0.5,1,45,540,576,17,pkp_derived,540,576,0,36,0,0
24,12,0.5,1,45,540,576,18,pkp_derived,540,576,0,36,0,0
24,12,0.5,1,45,540,576,19,pkp_derived,540,576,0,36,0,0
24,12,0.5,1,45,540,576,20,pkp_derived,540,576,0,36,0,0
24,12,0.5,1,45,540,576,21,pkp_derived,540,576,0,36,0,0
24,12,0.5,1,45,540,576,22,pkp_derived,540,576,0,36,0,0
24,12,0.5,1,45,540,576,23,pkp_derived,540,576,0,36,0,0
24,12,0.5,1,45,540,576,24,pkp_derived,540,576,0,36,0,0
24,12,0.5,1,45,540,576,25,pkp_derived,540,576,0,36,0,0
24,12,0.5,1,45,540,576,26,pkp_derived,540,576,0,36,0,0
24,12,0.5,1,45,540,576,27,pkp_derived,540,576,0,36,0,0
24,12,0.5,1,45,540,576,28,pkp_derived,540,576,0,36,0,0
24,12,0.5,1,45,540,576,29,pkp_derived,540,576,0,36,0,0
24,12,0.5,1,45,540,576,30,pkp_derived,540,576,0,36,0,0
24,12,0.5,1,45,540,576,31,pkp_derived,540,576,0,36,0,0
24,12,0.5,1,45,540,576,32,pkp_derived,540,576,0,36,0,0
24,12,0.5,1,45,540,576,33,pkp_derived,540,576,0,36,0,0
24,12,0.5,1,45,540,576,34,pkp_derived,540,576,0,36,0,0
24,12,0.5,1,45,540,576,35,pkp_derived,540,576,0,36,0,0
24,12,0.5,1,45,540,576,36,pkp_derived,540,576,0,36,0,0
24,12,0.5,1,45,540,576,37,pkp_derived,540,576,0,36,0,0
24,12,0.5,1,45,540,576,38,pkp_derived,540,576,0,36,0,0
24,12,0.5,1,45,540,576,39,pkp_derived,540,576,0,36,0,0
24,12,0.5,1,45,540,576,40,pkp_derived,540,576,0,36,0,0
24,12,0.5,1,45,540,576,41,pkp_derived,540,576,0,36,0,0
24,12,0.5,1,45,540,576,42,pkp_derived,540,576,0,36,0,0
24,12,0.5,1,45,540,576,43,pkp_derived,540,576,0,36,0,0
24,12,0.5,1,45,540,576,44,pkp_derived,540,576,0,36,0,0
24,12,0.5,1,45,540,576,45,pkp_derived,540,576,0,36,0,0
24,12,0.5,1,45,540,576,46,pkp_derived,540,576,0,36,0,0
24,12,0.5,1,45,540,576,47,pkp_derived,540,576,0,36,0,0
24,12,0.5,1,45,540,576,48,pkp_derived,540,576,0,36,0,0
24,12,0.5,1,45,540,576,49,pkp_derived,540,576,0,36,0,0
24,12,0.5,1,45,540,576,50,pkp_derived,540,576,0,36,0,0
24,12,0.5,1,45,540,576,51,pkp_derived,540,576,0,36,0,0
24,12,0.5,1,45,540,576,52,pkp_derived,540,576,0,36,0,0
24,12,0.5,1,45,540,576,53,pkp_derived,540,576,0,36,0,0
24,12,0.5,1,45,540,576,54,pkp_derived,540,576,0,36,0,0
24,12,0.5,1,45,540,576,55,pkp_derived,540,576,0,36,0,0
24,12,0.5,1,45,540,576,56,pkp_derived,540,576,0,36,0,0
24,12,0.5,1,45,540,576,57,pkp_derived,540,576,0,36,0,0
24,12,0.5,1,45,540,576,58,pkp_derived,540,576,0,36,0,0
24,12,0.5,1,45,540,576,59,pkp_derived,540,576,0,36,0,0
24,12,0.5,1,45,540,576,60,pkp_derived,540,576,0,36,0,0
24,12,0.5,1,45,540,576,61,pkp_derived,540,576,0,36,0,0
24,12,0.5,1,45,540,576,62,pkp_derived,540,576,0,36,0,0
24,12,0.5,1,45,540,576,63,pkp_derived,540,576,0,36,0,0
24,12,0.5,1,45,540,576,64,pkp_derived,540,576,0,36,0,0
24,12,0.5,1,45,540,576,65,pkp_derived,540,576,0,36,0,0
24,12,0.5,1,45,540,576,66,pkp_derived,540,576,0,36,0,0
24,12,0.5,1,45,540,576,67,pkp_derived,540,576,0,36,0,0
24,12,0.5,1,45,540,576,68,pkp_derived,540,576,0,36,0,0
24,12,0.5,1,45,540,576,69,pkp_derived,540,576,0,36,0,0
24,12,0.5,1,45,540,576,70,pkp_derived,540,576,0,36,0,0
24,12,0.5,1,45,540,576,71,pkp_derived,540,576,0,36,0,0
24,12,0.5,1,45,540,576,72,pkp_derived,540,576,0,36,0,0
24,12,0.5,1,45,540,576,73,pkp_derived,540,576,0,36,0,0
24,12,0.5,1,45,540,576,74,pkp_derived,540,576,0,36,0,0
24,12,0.5,1,45,540,576,75,pkp_derived,540,576,0,36,0,0
24,12,0.5,1,45,540,576,76,pkp_derived,540,576,0,36,0,0
24,12,0.5,1,45,540,576,77,pkp_derived,540,576,0,36,0,0
24,12,0.5,1,45,540,576,78,pkp_derived,540,576,0,36,0,0
24,12,0.5,1,45,540,576,79,pkp_derived,540,576,0,36,0,0
24,12,0.5,1,45,540,576,80,pkp_derived,540,576,0,36,0,0
24,12,0.5,1,45,540,576,81,pkp_derived,540,576,0,36,0,0
24,12,0.5,1,45,540,576,82,pkp_derived,540,576,0,36,0,0
24,12,0.5,1,45,540,576,83,pkp_derived,540,576,0,36,0,0
24,12,0.5,1,45,540,576,84,pkp_derived,540,576,0,36,0,0
24,12,0.5,1,45,540,576,85,pkp_derived,540,576,0,36,0,0
24,12,0.5,1,45,540,576,86,pkp_derived,540,576,0,36,0,0
24,12,0.5,1,45,540,576,87,pkp_derived,540,576,0,36,0,0
24,12,0.5,1,45,540,576,88,pkp_derived,540,576,0,36,0,0
24,12,0.5,1,45,540,576,89,pkp_derived,540,576,0,36,0,0
24,12,0.5,1,45,540,576,90,pkp_derived,540,576,0,36,0,0
24,12,0.5,1,45,540,576,91,pkp_derived,540,576,0,36,0,0
24,12,0.5,1,45,540,576,92,pkp_derived,540,576,0,36,0,0
24,12,0.5,1,45,540,576,93,pkp_derived,540,576,0,36,0,0
24,12,0.5,1,45,540,576,94,pkp_derived,540,576,0,36,0,0
24,12,0.5,1,45,540,576,95,pkp_derived,540,576,0,36,0,0
24,12,0.5,1,45,540,576,96,pkp_derived,540,576,0,36,0,0
24,12,0.5,1,45,540,576,97,pkp_derived,540,576,0,36,0,0
24,12,0.5,1,45,540,576,98,pkp_derived,540,576,0,36,0,0
24,12,0.5,1,45,540,576,99,pkp_derived,540,576,0,36,0,0
32,16,0.5,1,61,976,1024,0,pkp_derived,976,1024,0,48,0,0
32,16,0.5,1,61,976,1024,1,pkp_derived,976,1024,0,48,0,0
32,16,0.5,1,61,976,1024,2,pkp_derived,976,1024,0,48,0,0
32,16,0.5,1,61,976,1024,3,pkp_derived,976,1024,0,48,0,0
32,16,0.5,1,61,976,1024,4,pkp_derived,976,1024,0,48,0,0
32,16,0.5,1,61,976,1024,5,pkp_derived,976,1024,0,48,0,0
32,16,0.5,1,61,976,1024,6,pkp_derived,976,1024,0,48,0,0
32,16,0.5,1,61,976,1024,7,pkp_derived,976,1024,0,48,0,0
32,16,0.5,1,61,976,1024,8,pkp_derived,976,1024,0,48,0,0
32,16,0.5,1,61,976,1024,9,pkp_derived,976,1024,0,48,0,0
32,16,0.5,1,61,976,1024,10,pkp_derived,976,1024,0,48,0,0
32,16,0.5,1,61,976,1024,11,pkp_derived,976,1024,0,48,0,0
32,16,0.5,1,61,976,1024,12,pkp_derived,976,1024,0,48,0,0
32,16,0.5,1,61,976,1024,13,pkp_derived,976,1024,0,48,0,0
32,16,0.5,1,61,976,1024,14,pkp_derived,976,1024,0,48,0,0
32,16,0.5,1,61,976,1024,15,pkp_derived,976,1024,0,48,0,0
32,16,0.5,1,61,976,1024,16,pkp_derived,976,1024,0,48,0,0
32,16,0.5,1,61,976,1024,17,pkp_derived,976,1024,0,48,0,0
32,16,0.5,1,61,976,1024,18,pkp_derived,976,1024,0,48,0,0
32,16,0.5,1,61,976,1024,19,pkp_derived,976,1024,0,48,0,0
32,16,0.5,1,61,976,1024,20,pkp_derived,976,1024,0,48,0,0
32,16,0.5,1,61,976,1024,21,pkp_derived,976,1024,0,48,0,0
32,16,0.5,1,61,976,1024,22,pkp_derived,976,1024,0,48,0,0
32,16,0.5,1,61,976,1024,23,pkp_derived,976,1024,0,48,0,0
32,16,0.5,1,61,976,1024,24,pkp_derived,976,1024,0,48,0,0
32,16,0.5,1,61,976,1024,25,pkp_derived,976,1024,0,48,0,0
32,16,0.5,1,61,976,1024,26,pkp_derived,976,1024,0,48,0,0
32,16,0.5,1,61,976,1024,27,pkp_derived,976,1024,0,48,0,0
32,16,0.5,1,61,976,1024,28,pkp_derived,976,1024,0,48,0,0
32,16,0.5,1,61,976,1024,29,pkp_derived,976,1024,0,48,0,0
32,16,0.5,1,61,976,1024,30,pkp_derived,976,1024,0,48,0,0
32,16,0.5,1,61,976,1024,31,pkp_derived,976,1024,0,48,0,0
32,16,0.5,1,61,976,1024,32,pkp_derived,976,1024,0,48,0,0
32,16,0.5,1,61,976,1024,33,pkp_derived,976,1024,0,48,0,0
32,16,0.5,1,61,976,1024,34,pkp_derived,976,1024,0,48,0,0
32,16,0.5,1,61,976,1024,35,pkp_derived,976,1024,0,48,0,0
32,16,0.5,1,61,976,1024,36,pkp_derived,976,1024,0,48,0,0
32,16,0.5,1,61,976,1024,37,pkp_derived,976,1024,0,48,0,0
32,16,0.5,1,61,976,1024,38,pkp_derived,976,1024,0,48,0,0
32,16,0.5,1,61,976,1024,39,pkp_derived,976,1024,0,48,0,0
32,16,0.5,1,61,976,1024,40,pkp_derived,976,1024,0,48,0,0
32,16,0.5,1,61,976,1024,41,pkp_derived,976,1024,0,48,0,0
32,16,0.5,1,61,976,1024,42,pkp_derived,976,1024,0,48,0,0
32,16,0.5,1,61,976,1024,43,pkp_derived,976,1024,0,48,0,0
32,16,0.5,1,61,976,1024,44,pkp_derived,976,1024,0,48,0,0
32,16,0.5,1,61,976,1024,45,pkp_derived,976,1024,0,48,0,0
32,16,0.5,1,61,976,1024,46,pkp_derived,976,1024,0,48,0,0
32,16,0.5,1,61,976,1024,47,pkp_derived,976,1024,0,48,0,0
32,16,0.5,1,61,976,1024,48,pkp_derived,976,1024,0,48,0,0
32,16,0.5,1,61,976,1024,49,pkp_derived,976,1024,0,48,0,0
32,16,0.5,1,61,976,1024,50,pkp_derived,976,1024,0,48,0,0
32,16,0.5,1,61,976,1024,51,pkp_derived,976,1024,0,48,0,0
32,16,0.5,1,61,976,1024,52,pkp_derived,976,1024,0,48,0,0
32,16,0.5,1,61,976,1024,53,pkp_derived,976,1024,0,48,0,0
32,16,0.5,1,61,976,1024,54,pkp_derived,976,1024,0,48,0,0
32,16,0.5,1,61,976,1024,55,pkp_derived,976,1024,0,48,0,0
32,16,0.5,1,61,976,1024,56,pkp_derived,976,1024,0,48,0,0
32,16,0.5,1,61,976,1024,57,pkp_derived,976,1024,0,48,0,0
32,16,0.5,1,61,976,1024,58,pkp_derived,976,1024,0,48,0,0
32,16,0.5,1,61,976,1024,59,pkp_derived,976,1024,0,48,0,0
32,16,0.5,1,61,976,1024,60,pkp_derived,976,1024,0,48,0,0
32,16,0.5,1,61,976,1024,61,pkp_derived,976,1024,0,48,0,0
32,16,0.5,1,61,976,1024,62,pkp_derived,976,1024,0,48,0,0
32,16,0.5,1,61,976,1024,63,pkp_derived,976,1024,0,48,0,0
32,16,0.5,1,61,976,1024,64,pkp_derived,976,1024,0,48,0,0
32,16,0.5,1,61,976,1024,65,pkp_derived,976,1024,0,48,0,0
32,16,0.5,1,61,976,1024,66,pkp_derived,976,1024,0,48,0,0
32,16,0.5,1,61,976,1024,67,pkp_derived,976,1024,0,48,0,0
32,16,0.5,1,61,976,1024,68,pkp_derived,976,1024,0,48,0,0
32,16,0.5,1,61,976,1024,69,pkp_derived,976,1024,0,48,0,0
32,16,0.5,1,61,976,1024,70,pkp_derived,976,1024,0,48,0,0
32,16,0.5,1,61,976,1024,71,pkp_derived,976,1024,0,48,0,0
32,16,0.5,1,61,976,1024,72,pkp_derived,976,1024,0,48,0,0
32,16,0.5,1,61,976,1024,73,pkp_derived,976,1024,0,48,0,0
32,16,0.5,1,61,976,1024,74,pkp_derived,976,1024,0,48,0,0
32,16,0.5,1,61,976,1024,75,pkp_derived,976,1024,0,48,0,0
32,16,0.5,1,61,976,1024,76,pkp_derived,976,1024,0,48,0,0
32,16,0.5,1,61,976,1024,77,pkp_derived,976,1024,0,48,0,0
32,16,0.5,1,61,976,1024,78,pkp_derived,976,1024,0,48,0,0
32,16,0.5,1,61,976,1024,79,pkp_derived,976,1024,0,48,0,0
32,16,0.5,1,61,976,1024,80,pkp_derived,976,1024,0,48,0,0
32,16,0.5,1,61,976,1024,81,pkp_derived,976,1024,0,48,0,0
32,16,0.5,1,61,976,1024,82,pkp_derived,976,1024,0,48,0,0
32,16,0.5,1,61,976,1024,83,pkp_derived,976,1024,0,48,0,0
32,16,0.5,1,61,976,1024,84,pkp_derived,976,1024,0,48,0,0
32,16,0.5,1,61,976,1024,85,pkp_derived,976,1024,0,48,0,0
32,16,0.5,1,61,976,1024,86,pkp_derived,976,1024,0,48,0,0
32,16,0.5,1,61,976,1024,87,pkp_derived,976,1024,0,48,0,0
32,16,0.5,1,61,976,1024,88,pkp_derived,976,1024,0,48,0,0
32,16,0.5,1,61,976,1024,89,pkp_derived,976,1024,0,48,0,0
32,16,0.5,1,61,976,1024,90,pkp_derived,976,1024,0,48,0,0
32,16,0.5,1,61,976,1024,91,pkp_derived,976,1024,0,48,0,0
32,16,0.5,1,61,976,1024,92,pkp_derived,976,1024,0,48,0,0
32,16,0.5,1,61,976,1024,93,pkp_derived,976,1024,0,48,0,0
32,16,0.5,1,61,976,1024,94,pkp_derived,976,1024,0,48,0,0
32,16,0.5,1,61,976,1024,95,pkp_derived,976,1024,0,48,0,0
32,16,0.5,1,61,976,1024,96,pkp_derived,976,1024,0,48,0,0
32,16,0.5,1,61,976,1024,97,pkp_derived,976,1024,0,48,0,0
32,16,0.5,1,61,976,1024,98,pkp_derived,976,1024,0,48,0,0
32,16,0.5,1,61,976,1024,99,pkp_derived,976,1024,0,48,0,0
48,24,0.5,1,93,2232,2304,0,pkp_derived,2232,2304,0,72,0,0
48,24,0.5,1,93,2232,2304,1,pkp_derived,2232,2304,0,72,0,0
48,24,0.5,1,93,2232,2304,2,pkp_derived,2232,2304,0,72,0,0
48,24,0.5,1,93,2232,2304,3,pkp_derived,2232,2304,0,72,0,0
48,24,0.5,1,93,2232,2304,4,pkp_derived,2232,2304,0,72,0,0
48,24,0.5,1,93,2232,2304,5,pkp_derived,2232,2304,0,72,0,0
48,24,0.5,1,93,2232,2304,6,pkp_derived,2232,2304,0,72,0,0
48,24,0.5,1,93,2232,2304,7,pkp_derived,2232,2304,0,72,0,0
48,24,0.5,1,93,2232,2304,8,pkp_derived,2232,2304,0,72,0,0
48,24,0.5,1,93,2232,2304,9,pkp_derived,2232,2304,0,72,0,0
48,24,0.5,1,93,2232,2304,10,pkp_derived,2232,2304,0,72,0,0
48,24,0.5,1,93,2232,2304,11,pkp_derived,2232,2304,0,72,0,0
48,24,0.5,1,93,2232,2304,12,pkp_derived,2232,2304,0,72,0,0
48,24,0.5,1,93,2232,2304,13,pkp_derived,2232,2304,0,72,0,0
48,24,0.5,1,93,2232,2304,14,pkp_derived,2232,2304,0,72,0,0
48,24,0.5,1,93,2232,2304,15,pkp_derived,2232,2304,0,72,0,0
48,24,0.5,1,93,2232,2304,16,pkp_derived,2232,2304,0,72,0,0
48,24,0.5,1,93,2232,2304,17,pkp_derived,2232,2304,0,72,0,0
48,24,0.5,1,93,2232,2304,18,pkp_derived,2232,2304,0,72,0,0
48,24,0.5,1,93,2232,2304,19,pkp_derived,2232,2304,0,72,0,0
48,24,0.5,1,93,2232,2304,20,pkp_derived,2232,2304,0,72,0,0
48,24,0.5,1,93,2232,2304,21,pkp_derived,2232,2304,0,72,0,0
48,24,0.5,1,93,2232,2304,22,pkp_derived,2232,2304,0,72,0,0
48,24,0.5,1,93,2232,2304,23,pkp_derived,2232,2304,0,72,0,0
48,24,0.5,1,93,2232,2304,24,pkp_derived,2232,2304,0,72,0,0
48,24,0.5,1,93,2232,2304,25,pkp_derived,2232,2304,0,72,0,0
48,24,0.5,1,93,2232,2304,26,pkp_derived,2232,2304,0,72,0,0
48,24,0.5,1,93,2232,2304,27,pkp_derived,2232,2304,0,72,0,0
48,24,0.5,1,93,2232,2304,28,pkp_derived,2232,2304,0,72,0,0
48,24,0.5,1,93,2232,2304,29,pkp_derived,2232,2304,0,72,0,0
48,24,0.5,1,93,2232,2304,30,pkp_derived,2232,2304,0,72,0,0
48,24,0.5,1,93,2232,2304,31,pkp_derived,2232,2304,0,72,0,0
48,24,0.5,1,93,2232,2304,32,pkp_derived,2232,2304,0,72,0,0
48,24,0.5,1,93,2232,2304,33,pkp_derived,2232,2304,0,72,0,0
48,24,0.5,1,93,2232,2304,34,pkp_derived,2232,2304,0,72,0,0
48,24,0.5,1,93,2232,2304,35,pkp_derived,2232,2304,0,72,0,0
48,24,0.5,1,93,2232,2304,36,pkp_derived,2232,2304,0,72,0,0
48,24,0.5,1,93,2232,2304,37,pkp_derived,2232,2304,0,72,0,0
48,24,0.5,1,93,2232,2304,38,pkp_derived,2232,2304,0,72,0,0
48,24,0.5,1,93,2232,2304,39,pkp_derived,2232,2304,0,72,0,0
48,24,0.5,1,93,2232,2304,40,pkp_derived,2232,2304,0,72,0,0
48,24,0.5,1,93,2232,2304,41,pkp_derived,2232,2304,0,72,0,0
48,24,0.5,1,93,2232,2304,42,pkp_derived,2232,2304,0,72,0,0
48,24,0.5,1,93,2232,2304,43,pkp_derived,2232,2304,0,72,0,0
48,24,0.5,1,93,2232,2304,44,pkp_derived,2232,2304,0,72,0,0
48,24,0.5,1,93,2232,2304,45,pkp_derived,2232,2304,0,72,0,0
48,24,0.5,1,93,2232,2304,46,pkp_derived,2232,2304,0,72,0,0
48,24,0.5,1,93,2232,2304,47,pkp_derived,2232,2304,0,72,0,0
48,24,0.5,1,93,2232,2304,48,pkp_derived,2232,2304,0,72,0,0
48,24,0.5,1,93,2232,2304,49,pkp_derived,2232,2304,0,72,0,0
48,24,0.5,1,93,2232,2304,50,pkp_derived,2232,2304,0,72,0,0
48,24,0.5,1,93,2232,2304,51,pkp_derived,2232,2304,0,72,0,0
48,24,0.5,1,93,2232,2304,52,pkp_derived,2232,2304,0,72,0,0
48,24,0.5,1,93,2232,2304,53,pkp_derived,2232,2304,0,72,0,0
48,24,0.5,1,93,2232,2304,54,pkp_derived,2232,2304,0,72,0,0
48,24,0.5,1,93,2232,2304,55,pkp_derived,2232,2304,0,72,0,0
48,24,0.5,1,93,2232,2304,56,pkp_derived,2232,2304,0,72,0,0
48,24,0.5,1,93,2232,2304,57,pkp_derived,2232,2304,0,72,0,0
48,24,0.5,1,93,2232,2304,58,pkp_derived,2232,2304,0,72,0,0
48,24,0.5,1,93,2232,2304,59,pkp_derived,2232,2304,0,72,0,0
48,24,0.5,1,93,2232,2304,60,pkp_derived,2232,2304,0,72,0,0
48,24,0.5,1,93,2232,2304,61,pkp_derived,2232,2304,0,72,0,0
48,24,0.5,1,93,2232,2304,62,pkp_derived,2232,2304,0,72,0,0
48,24,0.5,1,93,2232,2304,63,pkp_derived,2232,2304,0,72,0,0
48,24,0.5,1,93,2232,2304,64,pkp_derived,2232,2304,0,72,0,0
48,24,0.5,1,93,2232,2304,65,pkp_derived,2232,2304,0,72,0,0
48,24,0.5,1,93,2232,2304,66,pkp_derived,2232,2304,0,72,0,0
48,24,0.5,1,93,2232,2304,67,pkp_derived,2232,2304,0,72,0,0
48,24,0.5,1,93,2232,2304,68,pkp_derived,2232,2304,0,72,0,0
48,24,0.5,1,93,2232,2304,69,pkp_derived,2232,2304,0,72,0,0
48,24,0.5,1,93,2232,2304,70,pkp_derived,2232,2304,0,72,0,0
48,24,0.5,1,93,2232,2304,71,pkp_derived,2232,2304,0,72,0,0
48,24,0.5,1,93,2232,2304,72,pkp_derived,2232,2304,0,72,0,0
48,24,0.5,1,93,2232,2304,73,pkp_derived,2232,2304,0,72,0,0
48,24,0.5,1,93,2232,2304,74,pkp_derived,2232,2304,0,72,0,0
48,24,0.5,1,93,2232,2304,75,pkp_derived,2232,2304,0,72,0,0
48,24,0.5,1,93,2232,2304,76,pkp_derived,2232,2304,0,72,0,0
48,24,0.5,1,93,2232,2304,77,pkp_derived,2232,2304,0,72,0,0
48,24,0.5,1,93,2232,2304,78,pkp_derived,2232,2304,0,72,0,0
48,24,0.5,1,93,2232,2304,79,pkp_derived,2232,2304,0,72,0,0
48,24,0.5,1,93,2232,2304,80,pkp_derived,2232,2304,0,72,0,0
48,24,0.5,1,93,2232,2304,81,pkp_derived,2232,2304,0,72,0,0
48,24,0.5,1,93,2232,2304,82,pkp_derived,2232,2304,0,72,0,0
48,24,0.5,1,93,2232,2304,83,pkp_derived,2232,2304,0,72,0,0
48,24,0.5,1,93,2232,2304,84,pkp_derived,2232,2304,0,72,0,0
48,24,0.5,1,93,2232,2304,85,pkp_derived,2232,2304,0,72,0,0
48,24,0.5,1,93,2232,2304,86,pkp_derived,2232,2304,0,72,0,0
48,24,0.5,1,93,2232,2304,87,pkp_derived,2232,2304,0,72,0,0
48,24,0.5,1,93,2232,2304,88,pkp_derived,2232,2304,0,72,0,0
48,24,0.5,1,93,2232,2304,89,pkp_derived,2232,2304,0,72,0,0
48,24,0.5,1,93,2232,2304,90,pkp_derived,2232,2304,0,72,0,0
48,24,0.5,1,93,2232,2304,91,pkp_derived,2232,2304,0,72,0,0
48,24,0.5,1,93,2232,2304,92,pkp_derived,2232,2304,0,72,0,0
48,24,0.5,1,93,2232,2304,93,pkp_derived,2232,2304,0,72,0,0
48,24,0.5,1,93,2232,2304,94,pkp_derived,2232,2304,0,72,0,0
48,24,0.5,1,93,2232,2304,95,pkp_derived,2232,2304,0,72,0,0
48,24,0.5,1,93,2232,2304,96,pkp_derived,2232,2304,0,72,0,0
48,24,0.5,1,93,2232,2304,97,pkp_derived,2232,2304,0,72,0,0
48,24,0.5,1,93,2232,2304,98,pkp_derived,2232,2304,0,72,0,0
48,24,0.5,1,93,2232,2304,99,pkp_derived,2232,2304,0,72,0,0
64,32,0.5,1,125,4000,4096,0,pkp_derived,4000,4096,0,96,0,0
64,32,0.5,1,125,4000,4096,1,pkp_derived,4000,4096,0,96,0,0
64,32,0.5,1,125,4000,4096,2,pkp_derived,4000,4096,0,96,0,0
64,32,0.5,1,125,4000,4096,3,pkp_derived,4000,4096,0,96,0,0
64,32,0.5,1,125,4000,4096,4,pkp_derived,4000,4096,0,96,0,0
64,32,0.5,1,125,4000,4096,5,pkp_derived,4000,4096,0,96,0,0
64,32,0.5,1,125,4000,4096,6,pkp_derived,4000,4096,0,96,0,0
64,32,0.5,1,125,4000,4096,7,pkp_derived,4000,4096,0,96,0,0
64,32,0.5,1,125,4000,4096,8,pkp_derived,4000,4096,0,96,0,0
64,32,0.5,1,125,4000,4096,9,pkp_derived,4000,4096,0,96,0,0
64,32,0.5,1,125,4000,4096,10,pkp_derived,4000,4096,0,96,0,0
64,32,0.5,1,125,4000,4096,11,pkp_derived,4000,4096,0,96,0,0
64,32,0.5,1,125,4000,4096,12,pkp_derived,4000,4096,0,96,0,0
64,32,0.5,1,125,4000,4096,13,pkp_derived,4000,4096,0,96,0,0
64,32,0.5,1,125,4000,4096,14,pkp_derived,4000,4096,0,96,0,0
64,32,0.5,1,125,4000,4096,15,pkp_derived,4000,4096,0,96,0,0
64,32,0.5,1,125,4000,4096,16,pkp_derived,4000,4096,0,96,0,0
64,32,0.5,1,125,4000,4096,17,pkp_derived,4000,4096,0,96,0,0
64,32,0.5,1,125,4000,4096,18,pkp_derived,4000,4096,0,96,0,0
64,32,0.5,1,125,4000,4096,19,pkp_derived,4000,4096,0,96,0,0
64,32,0.5,1,125,4000,4096,20,pkp_derived,4000,4096,0,96,0,0
64,32,0.5,1,125,4000,4096,21,pkp_derived,4000,4096,0,96,0,0
64,32,0.5,1,125,4000,4096,22,pkp_derived,4000,4096,0,96,0,0
64,32,0.5,1,125,4000,4096,23,pkp_derived,4000,4096,0,96,0,0
64,32,0.5,1,125,4000,4096,24,pkp_derived,4000,4096,0,96,0,0
64,32,0.5,1,125,4000,4096,25,pkp_derived,4000,4096,0,96,0,0
64,32,0.5,1,125,4000,4096,26,pkp_derived,4000,4096,0,96,0,0
64,32,0.5,1,125,4000,4096,27,pkp_derived,4000,4096,0,96,0,0
64,32,0.5,1,125,4000,4096,28,pkp_derived,4000,4096,0,96,0,0
64,32,0.5,1,125,4000,4096,29,pkp_derived,4000,4096,0,96,0,0
64,32,0.5,1,125,4000,4096,30,pkp_derived,4000,4096,0,96,0,0
64,32,0.5,1,125,4000,4096,31,pkp_derived,4000,4096,0,96,0,0
64,32,0.5,1,125,4000,4096,32,pkp_derived,4000,4096,0,96,0,0
64,32,0.5,1,125,4000,4096,33,pkp_derived,4000,4096,0,96,0,0
64,32,0.5,1,125,4000,4096,34,pkp_derived,4000,4096,0,96,0,0
64,32,0.5,1,125,4000,4096,35,pkp_derived,4000,4096,0,96,0,0
64,32,0.5,1,125,4000,4096,36,pkp_derived,4000,4096,0,96,0,0
64,32,0.5,1,125,4000,4096,37,pkp_derived,4000,4096,0,96,0,0
64,32,0.5,1,125,4000,4096,38,pkp_derived,4000,4096,0,96,0,0
64,32,0.5,1,125,4000,4096,39,pkp_derived,4000,4096,0,96,0,0
64,32,0.5,1,125,4000,4096,40,pkp_derived,4000,4096,0,96,0,0
64,32,0.5,1,125,4000,4096,41,pkp_derived,4000,4096,0,96,0,0
64,32,0.5,1,125,4000,4096,42,pkp_derived,4000,4096,0,96,0,0
64,32,0.5,1,125,4000,4096,43,pkp_derived,4000,4096,0,96,0,0
64,32,0.5,1,125,4000,4096,44,pkp_derived,4000,4096,0,96,0,0
64,32,0.5,1,125,4000,4096,45,pkp_derived,4000,4096,0,96,0,0
64,32,0.5,1,125,4000,4096,46,pkp_derived,4000,4096,0,96,0,0
64,32,0.5,1,125,4000,4096,47,pkp_derived,4000,4096,0,96,0,0
64,32,0.5,1,125,4000,4096,48,pkp_derived,4000,4096,0,96,0,0
64,32,0.5,1,125,4000,4096,49,pkp_derived,4000,4096,0,96,0,0
64,32,0.5,1,125,4000,4096,50,pkp_derived,4000,4096,0,96,0,0
64,32,0.5,1,125,4000,4096,51,pkp_derived,4000,4096,0,96,0,0
64,32,0.5,1,125,4000,4096,52,pkp_derived,4000,4096,0,96,0,0
64,32,0.5,1,125,4000,4096,53,pkp_derived,4000,4096,0,96,0,0
64,32,0.5,1,125,4000,4096,54,pkp_derived,4000,4096,0,96,0,0
64,32,0.5,1,125,4000,4096,55,pkp_derived,4000,4096,0,96,0,0
64,32,0.5,1,125,4000,4096,56,pkp_derived,4000,4096,0,96,0,0
64,32,0.5,1,125,4000,4096,57,pkp_derived,4000,4096,0,96,0,0
64,32,0.5,1,125,4000,4096,58,pkp_derived,4000,4096,0,96,0,0
64,32,0.5,1,125,4000,4096,59,pkp_derived,4000,4096,0,96,0,0
64,32,0.5,1,125,4000,4096,60,pkp_derived,4000,4096,0,96,0,0
64,32,0.5,1,125,4000,4096,61,pkp_derived,4000,4096,0,96,0,0
64,32,0.5,1,125,4000,4096,62,pkp_derived,4000,4096,0,96,0,0
64,32,0.5,1,125,4000,4096,63,pkp_derived,4000,4096,0,96,0,0
64,32,0.5,1,125,4000,4096,64,pkp_derived,4000,4096,0,96,0,0
64,32,0.5,1,125,4000,4096,65,pkp_derived,4000,4096,0,96,0,0
64,32,0.5,1,125,4000,4096,66,pkp_derived,4000,4096,0,96,0,0
64,32,0.5,1,125,4000,4096,67,pkp_derived,4000,4096,0,96,0,0
64,32,0.5,1,125,4000,4096,68,pkp_derived,4000,4096,0,96,0,0
64,32,0.5,1,125,4000,4096,69,pkp_derived,4000,4096,0,96,0,0
64,32,0.5,1,125,4000,4096,70,pkp_derived,4000,4096,0,96,0,0
64,32,0.5,1,125,4000,4096,71,pkp_derived,4000,4096,0,96,0,0
64,32,0.5,1,125,4000,4096,72,pkp_derived,4000,4096,0,96,0,0
64,32,0.5,1,125,4000,4096,73,pkp_derived,4000,4096,0,96,0,0
64,32,0.5,1,125,4000,4096,74,pkp_derived,4000,4096,0,96,0,0
64,32,0.5,1,125,4000,4096,75,pkp_derived,4000,4096,0,96,0,0
64,32,0.5,1,125,4000,4096,76,pkp_derived,4000,4096,0,96,0,0
64,32,0.5,1,125,4000,4096,77,pkp_derived,4000,4096,0,96,0,0
64,32,0.5,1,125,4000,4096,78,pkp_derived,4000,4096,0,96,0,0
64,32,0.5,1,125,4000,4096,79,pkp_derived,4000,4096,0,96,0,0
64,32,0.5,1,125,4000,4096,80,pkp_derived,4000,4096,0,96,0,0
64,32,0.5,1,125,4000,4096,81,pkp_derived,4000,4096,0,96,0,0
64,32,0.5,1,125,4000,4096,82,pkp_derived,4000,4096,0,96,0,0
64,32,0.5,1,125,4000,4096,83,pkp_derived,4000,4096,0,96,0,0
64,32,0.5,1,125,4000,4096,84,pkp_derived,4000,4096,0,96,0,0
64,32,0.5,1,125,4000,4096,85,pkp_derived,4000,4096,0,96,0,0
64,32,0.5,1,125,4000,4096,86,pkp_derived,4000,4096,0,96,0,0
64,32,0.5,1,125,4000,4096,87,pkp_derived,4000,4096,0,96,0,0
64,32,0.5,1,125,4000,4096,88,pkp_derived,4000,4096,0,96,0,0
64,32,0.5,1,125,4000,4096,89,pkp_derived,4000,4096,0,96,0,0
64,32,0.5,1,125,4000,4096,90,pkp_derived,4000,4096,0,96,0,0
64,32,0.5,1,125,4000,4096,91,pkp_derived,4000,4096,0,96,0,0
64,32,0.5,1,125,4000,4096,92,pkp_derived,4000,4096,0,96,0,0
64,32,0.5,1,125,4000,4096,93,pkp_derived,4000,4096,0,96,0,0
64,32,0.5,1,125,4000,4096,94,pkp_derived,4000,4096,0,96,0,0
64,32,0.5,1,125,4000,4096,95,pkp_derived,4000,4096,0,96,0,0
64,32,0.5,1,125,4000,4096,96,pkp_derived,4000,4096,0,96,0,0
64,32,0.5,1,125,4000,4096,97,pkp_derived,4000,4096,0,96,0,0
64,32,0.5,1,125,4000,4096,98,pkp_derived,4000,4096,0,96,0,0
64,32,0.5,1,125,4000,4096,99,pkp_derived,4000,4096,0,96,0,0
