nu,k_psd,k_prime,esser_santini_k_eff,esser_santini_a,esser_santini_b,esser_santini_r0,esser_santini_r1,a,b,r0,r1,q0,s0,q1,s1,log2_S,log2_partition_numerator,log2_partition_numerator_asymptotic,kmp_log2,esser_santini_log2_exact_two_size,esser_santini_log2_smooth,psd_log2_exact_padded,psd_log2_asymptotic
2,4042,3915,3978,62,10,2,1,61,11,3,2,17,2,5,1,241.9951439417241,49.944362512259666,51.167670846073776,207.42815872087536,88.00485605827589,85.51570089911803,4.055637487740341,2.8323291539262243
3,4015,3888,3951,61,47,3,2,60,48,4,3,4,0,16,0,214.9951439417241,59.69925001442313,59.69925001442313,206.48765973262402,95.06049354601623,93.49067429732008,21.300749985576886,21.300749985576886
4,3988,3861,3924,61,20,3,2,60,21,4,3,10,3,7,0,187.9951439417241,66.5293250129808,67.38308438780052,205.59977009894556,106.26650602654502,104.72391175734163,41.47067498701921,40.61691561219948
5,3961,3834,3897,60,57,4,3,59,58,5,4,1,1,14,2,160.9951439417241,72.09636560570469,74.77022497518698,204.80081761788364,118.66199351717,118.26088034348237,62.903634394295295,60.22977502481302
6,3934,3807,3870,60,30,4,3,59,31,5,4,6,3,7,3,133.9951439417241,78.70600608014152,81.11893731160518,194.50559141089772,134.45598103664122,133.51340246370387,83.29399391985848,80.88106268839482
7,3907,3780,3843,60,3,4,3,59,4,5,4,12,0,1,0,106.99514394172411,87.4676496480234,87.4676496480234,174.41057536812963,150.24996855611244,150.09326727784003,101.53235035197662,101.53235035197662
8,3880,3753,3816,59,40,5,4,58,41,6,5,3,5,8,1,79.99514394172411,90.6375746494657,93.02193975325362,163.4055006489669,168.2785817809792,167.73074297379804,125.3624253505343,122.9780602467464
9,3853,3726,3789,59,13,5,4,58,14,6,5,8,2,2,4,52.99514394172411,95.33356846257561,98.43806947045117,154.18059843525305,186.58652321902042,186.2307859545844,147.6664315374244,144.56193052954882
10,3826,3699,3762,58,50,6,5,57,51,7,6,1,6,8,3,25.99514394172411,100.31084838607553,103.52213763866436,148.56111598331222,205.7189763038116,205.44778133993654,169.68915161392448,166.47786236133564
11,3799,3672,3735,58,23,6,5,57,24,7,6,5,5,4,0,0.0,106.37034307286362,108.24860106181745,143.51298200194614,224.61219128802327,224.26527827922106,189.6248008688605,187.74654287990666
12,3772,3645,3708,57,60,7,6,56,61,8,7,0,3,8,5,0.0,107.88551724342791,112.9160157385558,141.76984535494026,217.6728302685002,217.60557810002382,188.1096266982962,183.0791282031683
13,3745,3618,3681,57,33,7,6,56,34,8,7,3,6,4,6,0.0,114.0781623213703,117.11104044397621,137.84612987515703,211.6682348924161,211.39407832100562,181.9169816203538,178.8841034977479
14,3718,3591,3654,57,6,7,6,56,7,8,7,7,1,1,0,0.0,119.39366414709822,121.30606514939663,136.8746970931322,205.663639516332,205.57423619894837,176.6014797946259,174.68907879232748
15,3691,3564,3627,56,43,8,7,55,44,9,8,2,2,5,4,0.0,119.01926863231674,125.18816192297356,132.54004088859958,200.28373835152303,200.0995767990159,176.97587530940737,170.80698201875055
16,3664,3537,3600,56,16,8,7,55,17,9,8,5,2,2,1,0.0,123.94408113592249,128.96073392040526,131.84503861862467,195.08232124707834,194.93143613523998,172.05106280580162,167.03441002131885
17,3637,3510,3573,55,53,9,8,54,54,10,9,1,0,6,0,0.0,132.6058592336945,132.6058592336945,131.51395959048963,190.13082498413456,190.03730328019574,163.3892847080296,163.3892847080296
18,3610,3483,3546,55,26,9,8,54,27,10,9,3,7,3,0,0.0,133.07979042202692,136.03432518394152,127.70052175835391,185.54284994519213,185.38958026163058,162.9153535196972,159.9608187577826
19,3583,3456,3519,54,63,10,9,54,0,10,9,6,4,0,0,0.0,135.33132918902288,139.4627911341885,127.09220501066062,180.97279681424695,180.96463944668912,160.66381475270123,156.5323528075356
20,3556,3429,3492,54,36,10,9,53,37,11,10,2,5,3,7,0.0,135.08026742485518,142.60540828814044,127.08628142916577,176.86871329123062,176.74209668319494,160.91487651686893,153.38973565358367
21,3529,3402,3465,54,9,10,9,53,10,11,10,4,10,1,0,0.0,144.58409316285093,145.7480254420924,126.15379688395832,172.76462976821426,172.70424352111687,151.41105077887318,150.2471184996317
22,3502,3375,3438,53,46,11,10,52,47,12,11,1,5,4,3,0.0,139.3292792638221,148.73869719987803,126.1199453362414,168.92153849970998,168.83559848094455,156.66586467790202,147.25644674184608
23,3475,3348,3411,53,19,11,10,52,20,12,11,3,8,1,9,0.0,145.52519947379733,151.63998931286,126.11941005225658,165.20894335846174,165.1225486177351,150.46994446792678,144.3551546288641
24,3448,3321,3384,52,56,12,11,51,57,13,12,0,7,4,9,0.0,146.1101619745185,154.48774041305168,122.49996584519994,161.5921293505421,161.55306041815055,149.88498196720562,141.50740352867243
25,3421,3294,3357,52,29,12,11,51,30,13,12,2,8,2,6,0.0,147.53376148730075,157.1825171909855,121.6951559149142,158.20279553427793,158.11644453464635,148.46138245442336,138.81262675073862
26,3394,3267,3330,52,2,12,11,51,3,13,12,4,9,0,3,0.0,151.19767532941674,159.87729396891933,121.66108258645664,154.81346171801374,154.80316275680275,144.79746861230737,136.11784997280478
27,3367,3240,3303,51,39,13,12,50,40,14,13,1,10,3,1,0.0,155.74199584564053,162.41316007700416,121.66000471878282,151.6754695183476,151.60466843494538,140.25314809608358,133.58198386471994
28,3340,3213,3276,51,12,13,12,50,13,14,13,3,9,1,0,0.0,160.0347775948684,164.9291623513579,121.65997102243858,148.55758464800934,148.51327363165146,135.96036634685572,131.06598159036622
29,3313,3186,3249,50,49,14,13,49,50,15,14,0,14,3,8,0.0,160.6722075154837,167.36411875144086,121.33562233286938,145.5681299802224,145.52203780273928,135.3229364262404,128.63102519028325
30,3286,3159,3222,50,22,14,13,49,23,15,14,2,11,1,9,0.0,160.5631565672232,169.72381826827234,120.74218098642503,142.6814194744766,142.6246739519617,135.43198737450092,126.27132567345177
31,3259,3132,3195,49,59,15,14,48,60,16,15,0,4,4,0,0.0,165.58552438025166,172.06309699700114,120.6955541126459,139.83160662055877,139.81546906793352,130.40961956147245,123.93204694472297
32,3232,3105,3168,49,32,15,14,48,33,16,15,1,15,2,3,0.0,167.58552438025166,174.28495619413937,120.69258928511277,137.14414343468405,137.08921631183537,128.40961956147245,121.71018774758474
33,3205,3078,3141,49,5,15,14,48,6,16,15,3,10,0,6,0.0,164.03333562069452,176.50681539127754,120.6924037809325,134.4566802488094,134.4411569329209,131.9618083210296,119.48832855044657
34,3178,3051,3114,48,42,16,15,47,43,17,16,1,4,2,11,0.0,166.67333948497364,178.6334095442091,120.69239218612921,131.9105949844422,131.86693028385963,129.32180445675047,117.36173439751502
35,3151,3024,3087,48,15,16,15,47,16,17,16,2,14,1,0,0.0,177.26859696642265,180.7327851130816,120.69239146145091,129.39664106587222,129.36253061719313,118.72654697530146,115.2623588286425
36,3124,2997,3060,47,52,17,16,46,53,18,17,0,11,3,2,0.0,171.26330266675316,182.78752076232817,120.69239141615851,126.95044590499593,126.92426958806055,124.73184127497095,113.20762317939594
37,3097,2970,3033,47,25,17,16,46,26,18,17,2,2,1,9,0.0,172.82179295611311,184.77732561939166,119.55016424799211,124.58894919123676,124.5487435820093,123.173350985611,111.21781832233245
38,3070,2943,3006,46,62,18,17,45,63,19,18,0,1,3,9,0.0,175.9917179575554,186.76347834801444,117.30435832953589,122.23745383959434,122.23280514148553,120.0034259841687,109.23166559370966
39,3043,2916,2979,46,35,18,17,45,36,19,18,1,9,2,0,0.0,180.239645470999,188.65467573717834,116.39418867888473,120.01097551441106,119.97353788906786,115.75549847072512,107.34046820454577
40,3016,2889,2952,46,8,18,17,45,9,19,18,2,17,0,9,0.0,180.31764798300028,190.54587312634226,116.22621454369148,117.78449718922779,117.76823444618307,115.67749595872382,105.44927081538185
41,2989,2862,2925,45,45,19,18,44,46,20,19,0,18,2,8,0.0,181.31764798300026,192.37759121286126,116.20377294714483,115.64275217966781,115.61437692792224,114.67749595872385,103.61755272886285
42,2962,2835,2898,45,18,19,18,44,19,20,19,2,5,1,0,0.0,185.8171142634398,194.17956964805785,116.2009430424329,113.53668435563344,113.50961966151772,110.1780296782843,101.81557429366626
43,2935,2808,2871,44,55,20,19,43,56,21,20,0,8,2,16,0.0,181.70411633008234,195.9575135856555,116.20058891372192,111.46663390661652,111.45177383104429,114.29102761164177,100.0376303560686
44,2908,2781,2844,44,28,20,19,43,29,21,20,1,14,1,9,0.0,181.3594681586949,197.67837559145568,116.20054464152045,109.46861820763456,109.43879379631242,114.6356757830292,98.31676835026843
45,2881,2754,2817,44,1,20,19,43,2,21,20,2,20,0,2,0.0,193.0167866082762,199.39923759725585,116.20053910739975,107.4706025086526,107.46876487157523,102.97835733344792,96.59590634446826
46,2854,2727,2790,43,38,21,20,42,39,22,21,1,3,1,18,0.0,190.49132511930372,201.05151203052145,116.20053841563316,105.56647940203247,105.53989238102844,105.50381882242039,94.94363191120266
47,2827,2700,2763,43,11,21,20,42,12,22,21,2,8,0,12,0.0,183.99292917710721,202.69829945798432,116.20053832916233,103.66596754896472,103.65049183430573,112.0022147646169,93.29684448373979
48,2800,2673,2736,42,48,22,21,41,49,23,22,0,15,2,5,0.0,187.01529699013568,204.3073560703604,116.20053831835347,101.81785780842274,101.79898008718709,108.97984695158843,91.6877878713637
49,2773,2646,2709,42,21,22,21,41,22,23,22,1,19,1,0,0.0,201.13728370672044,205.88622803066704,116.20053831700235,100.00577452024224,99.98386737128942,94.85786023500367,90.10891591105707
50,2746,2619,2682,41,58,23,22,40,59,24,23,0,5,2,13,0.0,188.3481753845836,207.45352646308265,116.20053831683347,98.21159438269467,98.20375009219848,107.6469685571405,88.54161747864146
51,2719,2592,2655,41,31,23,22,40,32,24,23,1,8,1,9,0.0,187.25869337569662,208.9699013727776,116.20053831681236,96.48007527236236,96.45730430881616,108.73645056602749,87.02524256894651
52,2692,2565,2628,41,4,23,22,40,5,24,23,2,11,0,5,0.0,190.2326981671637,210.48627628247255,116.20053831680973,94.74855616203004,94.74327981803438,105.7624457745604,85.50886765925156
53,2665,2538,2601,40,41,24,23,39,42,25,24,0,22,1,18,0.0,201.474318693998,211.95563245923597,116.20053831680939,93.07982228507589,93.06049477853009,94.52082524772612,84.03951148248814
54,2638,2511,2574,40,14,24,23,39,15,25,24,1,24,0,15,0.0,202.96931149785826,213.41430256033314,116.20053831680934,91.42200757914401,91.4078308157731,93.02583244386585,82.58084138139097
55,2611,2484,2547,39,51,25,24,38,52,26,25,0,12,2,2,0.0,197.19848245182575,214.84921907277558,116.07986082521602,89.7967819961496,89.78422855746761,98.79666148989836,81.14592486894853
56,2584,2457,2520,39,24,25,24,38,25,26,25,1,13,1,0,0.0,204.59936188810795,216.2544435993996,115.49513787259818,88.20665239170327,88.18868355479192,91.39578205361616,79.74070034232452
57,2557,2430,2493,38,61,26,25,37,62,27,26,0,2,2,10,0.0,199.55496776874952,217.6559908725678,115.30259544595386,86.62345326931852,86.62024255010893,96.44017617297459,78.33915306915631
58,2530,2403,2466,38,34,26,25,37,35,27,26,1,2,1,9,0.0,200.9879271760256,219.01157247753835,115.25015843985653,85.0956980034266,85.07800005641985,95.0072167656985,76.98357146418576
59,2503,2376,2439,38,7,26,25,37,8,27,26,2,2,0,8,0.0,202.57288967674677,220.36715408250888,115.23674588273893,83.56794273753468,83.56109521782709,93.42225426497734,75.62798985921523
60,2476,2349,2412,37,44,27,26,36,45,28,27,0,19,1,18,0.0,202.3998249677739,221.69020087982966,115.23337316891065,82.08290235852257,82.06870892375065,93.59531897395021,74.30494306189445
